"","region","nombre_region","comuna","nombre_comuna","p_2002","p_2003","p_2004","p_2005","p_2006","p_2007","p_2008","p_2009","p_2010","p_2011","p_2012","p_2013","p_2014","p_2015","p_2016","p_2017","p_2018","p_2019","p_2020","p_2021","p_2022","p_2023","p_2024","p_2025","p_2026","p_2027","p_2028","p_2029","p_2030"
"1",1,"Tarapacá",1101,"Iquique",173611,169002,167413,167784,169377,171709,174518,177526,180556,183931,187366,190437,193643,196728,199592,202891,209409,216514,223463,227127,229072,230595,231962,233228,234407,235492,236481,237379,238173
"2",1,"Tarapacá",1107,"Alto Hospicio",53625,63806,71062,76126,79924,83105,86042,88877,91654,94617,97654,100566,103622,106694,109732,113098,118379,124150,129999,134085,137263,140282,143294,146337,149416,152532,155681,158866,162080
"3",1,"Tarapacá",1401,"Pozo Almonte",9833,9837,9999,10271,10612,10998,11412,11839,12267,12717,13170,13595,14028,14451,14853,15286,15960,16683,17395,17853,18172,18452,18713,18962,19198,19422,19632,19831,20016
"4",1,"Tarapacá",1402,"Camiña",1325,1271,1242,1226,1222,1222,1226,1232,1237,1246,1254,1260,1267,1273,1278,1286,1314,1345,1375,1384,1383,1379,1374,1371,1365,1360,1355,1349,1344
"5",1,"Tarapacá",1403,"Colchane",1636,1564,1522,1499,1488,1484,1483,1484,1486,1489,1494,1495,1497,1499,1498,1500,1527,1556,1583,1588,1579,1569,1558,1546,1534,1522,1510,1497,1485
"6",1,"Tarapacá",1404,"Huara",2615,2517,2467,2449,2450,2463,2483,2508,2532,2564,2596,2624,2654,2685,2712,2748,2826,2914,3000,3043,3063,3080,3095,3111,3125,3140,3156,3170,3185
"7",1,"Tarapacá",1405,"Pica",3620,3628,3689,3786,3903,4033,4170,4307,4440,4579,4717,4841,4967,5087,5200,5320,5525,5744,5958,6085,6165,6231,6291,6348,6402,6452,6500,6544,6585
"8",2,"Antofagasta",2101,"Antofagasta",300303,305302,310271,315097,319944,325014,330287,335467,340633,345973,351234,356933,363207,369028,374882,381635,395387,410618,425725,433712,437883,441211,444276,447224,450070,452820,455463,458002,460437
"9",2,"Antofagasta",2102,"Mejillones",8400,8682,8965,9246,9529,9818,10116,10411,10706,11008,11306,11619,11950,12267,12586,12933,13510,14143,14776,15168,15430,15659,15877,16087,16291,16487,16676,16860,17036
"10",2,"Antofagasta",2103,"Sierra Gorda",1302,1319,1337,1355,1371,1388,1406,1423,1441,1460,1478,1497,1519,1539,1559,1582,1633,1690,1746,1772,1784,1792,1800,1806,1813,1818,1823,1828,1832
"11",2,"Antofagasta",2104,"Taltal",10711,10848,10983,11112,11239,11373,11514,11648,11781,11919,12052,12199,12362,12510,12657,12831,13078,13371,13657,13806,13883,13929,13967,13999,14027,14050,14069,14083,14093
"12",2,"Antofagasta",2201,"Calama",142211,144076,145916,147681,149442,151296,153235,155115,156978,158912,160794,162867,165184,167284,169385,171875,177642,184036,190336,193343,194575,195423,196152,196820,197438,198008,198525,198991,199407
"13",2,"Antofagasta",2202,"Ollagüe",422,404,387,374,362,350,338,329,320,313,306,300,295,289,285,281,282,284,287,283,279,274,269,265,260,256,251,247,243
"14",2,"Antofagasta",2203,"San Pedro de Atacama",4237,4638,5036,5431,5811,6188,6557,6904,7234,7551,7847,8136,8420,8679,8924,9177,9581,10013,10434,10675,10818,10929,11030,11121,11203,11278,11348,11411,11469
"15",2,"Antofagasta",2301,"Tocopilla",24820,24877,24941,25004,25077,25175,25296,25415,25540,25683,25824,26004,26227,26422,26621,26886,27224,27659,28079,28214,28301,28333,28354,28369,28382,28393,28400,28405,28405
"16",2,"Antofagasta",2302,"María Elena",10335,9899,9497,9122,8778,8469,8190,7934,7698,7488,7296,7130,6991,6859,6741,6651,6685,6749,6814,6773,6684,6592,6507,6429,6359,6295,6237,6183,6135
"17",3,"Atacama",3101,"Copiapó",133173,135815,138199,140436,142672,144912,147137,149381,151624,153865,155960,157946,159950,161764,163465,165066,167242,169528,171766,173253,174309,175240,176100,176921,177675,178388,179054,179681,180257
"18",3,"Atacama",3102,"Caldera",13801,14213,14593,14953,15307,15656,15998,16337,16669,16996,17300,17586,17869,18124,18362,18582,18861,19149,19426,19612,19746,19860,19964,20057,20141,20215,20281,20339,20388
"19",3,"Atacama",3103,"Tierra Amarilla",12570,12648,12721,12795,12880,12975,13076,13183,13294,13409,13513,13609,13709,13795,13871,13941,14060,14187,14312,14374,14401,14419,14431,14441,14448,14451,14452,14449,14443
"20",3,"Atacama",3201,"Chañaral",13680,13599,13510,13424,13353,13295,13249,13216,13192,13178,13158,13138,13125,13106,13083,13058,13084,13123,13164,13149,13109,13062,13017,12971,12926,12881,12836,12793,12749
"21",3,"Atacama",3202,"Diego de Almagro",22065,20738,19649,18750,18013,17404,16894,16468,16108,15804,15532,15290,15086,14893,14719,14559,14470,14408,14358,14258,14137,14019,13909,13806,13710,13618,13532,13450,13371
"22",3,"Atacama",3301,"Vallenar",49615,50103,50532,50935,51357,51794,52236,52690,53146,53606,54016,54390,54771,55090,55371,55620,56064,56544,57009,57224,57301,57338,57360,57368,57362,57344,57316,57278,57229
"23",3,"Atacama",3302,"Alto del Carmen",4826,4898,4958,5013,5068,5122,5177,5230,5284,5336,5384,5429,5473,5511,5544,5575,5624,5677,5729,5754,5767,5775,5781,5785,5789,5791,5791,5791,5789
"24",3,"Atacama",3303,"Freirina",5977,6100,6212,6317,6419,6522,6623,6724,6825,6924,7016,7102,7188,7265,7336,7403,7494,7589,7681,7739,7779,7810,7840,7865,7888,7909,7928,7944,7958
"25",3,"Atacama",3304,"Huasco",8217,8430,8625,8811,8995,9178,9360,9540,9718,9896,10062,10219,10375,10517,10651,10776,10936,11102,11264,11374,11455,11525,11590,11650,11705,11754,11800,11841,11877
"26",4,"Coquimbo",4101,"La Serena",167730,171434,175180,178969,182848,186769,190903,195258,199734,204355,209083,213793,218613,223518,228313,233270,238659,244170,249656,254445,258850,263144,267400,271608,275771,279898,283970,288001,291988
"27",4,"Coquimbo",4102,"Coquimbo",170920,174770,178661,182603,186648,190737,195055,199598,204278,209107,214053,218993,224050,229203,234247,239467,245142,250947,256735,261811,266502,271095,275644,280153,284623,289060,293454,297809,302123
"28",4,"Coquimbo",4103,"Andacollo",11415,11388,11364,11345,11332,11322,11325,11340,11362,11390,11424,11456,11493,11532,11565,11604,11665,11730,11791,11818,11828,11833,11836,11838,11837,11836,11835,11831,11826
"29",4,"Coquimbo",4104,"La Higuera",3813,3842,3870,3898,3927,3955,3988,4023,4060,4097,4136,4173,4211,4249,4284,4321,4364,4408,4450,4478,4499,4517,4533,4548,4561,4573,4583,4593,4601
"30",4,"Coquimbo",4105,"Paiguano",4381,4383,4386,4389,4394,4400,4411,4425,4443,4462,4482,4502,4524,4545,4564,4586,4615,4645,4675,4690,4698,4705,4709,4713,4716,4718,4721,4722,4722
"31",4,"Coquimbo",4106,"Vicuña",24584,24819,25053,25285,25526,25763,26024,26307,26599,26900,27209,27508,27813,28121,28407,28706,29050,29402,29741,29990,30187,30370,30541,30703,30856,31001,31136,31264,31383
"32",4,"Coquimbo",4201,"Illapel",31607,31524,31453,31394,31357,31329,31340,31388,31455,31544,31648,31748,31862,31987,32095,32224,32411,32610,32801,32899,32949,32987,33021,33051,33079,33103,33125,33144,33160
"33",4,"Coquimbo",4202,"Canela",9765,9700,9639,9584,9537,9494,9463,9445,9433,9428,9429,9428,9433,9443,9446,9456,9485,9516,9546,9548,9537,9524,9509,9494,9478,9462,9446,9429,9411
"34",4,"Coquimbo",4203,"Los Vilos",17920,18167,18414,18663,18919,19176,19450,19745,20047,20360,20680,20994,21316,21642,21954,22279,22641,23011,23374,23668,23924,24170,24408,24641,24868,25089,25305,25516,25722
"35",4,"Coquimbo",4204,"Salamanca",23975,24210,24443,24675,24914,25152,25411,25692,25983,26283,26589,26888,27191,27497,27782,28080,28423,28772,29110,29359,29560,29743,29916,30081,30236,30384,30524,30654,30778
"36",4,"Coquimbo",4301,"Ovalle",102164,102959,103752,104551,105383,106216,107150,108180,109255,110378,111534,112657,113809,114982,116071,117221,118563,119936,121269,122241,123013,123724,124401,125046,125662,126252,126812,127346,127854
"37",4,"Coquimbo",4302,"Combarbalá",14000,13929,13863,13802,13750,13703,13672,13656,13650,13653,13662,13670,13684,13704,13716,13737,13782,13834,13884,13893,13883,13870,13855,13839,13823,13806,13789,13771,13753
"38",4,"Coquimbo",4303,"Monte Patria",31314,31263,31218,31180,31159,31143,31164,31215,31284,31372,31472,31567,31673,31787,31883,31999,32170,32352,32527,32607,32638,32657,32672,32682,32690,32694,32696,32695,32692
"39",4,"Coquimbo",4304,"Punitaqui",9977,10077,10176,10275,10377,10478,10589,10709,10832,10960,11090,11217,11346,11477,11598,11725,11872,12021,12165,12271,12358,12438,12514,12585,12654,12718,12780,12839,12893
"40",4,"Coquimbo",4305,"Río Hurtado",4924,4848,4779,4716,4660,4608,4565,4529,4499,4474,4452,4432,4414,4400,4385,4374,4371,4372,4372,4361,4343,4326,4308,4291,4274,4257,4241,4225,4210
"41",5,"Valparaíso",5101,"Valparaíso",285076,286424,287706,288945,290203,291539,293018,294602,296215,297889,299654,301142,302689,304378,306031,308082,310570,313185,315732,317424,318638,319745,320816,321852,322865,323850,324819,325756,326675
"42",5,"Valparaíso",5102,"Casablanca",22588,22909,23229,23555,23868,24202,24542,24887,25244,25604,25975,26319,26675,27048,27410,27813,28257,28722,29170,29556,29891,30212,30543,30861,31180,31503,31819,32132,32451
"43",5,"Valparaíso",5103,"Concón",33491,34191,34864,35533,36193,36851,37533,38208,38888,39575,40262,40906,41552,42219,42875,43578,44335,45121,45889,46527,47097,47642,48171,48704,49216,49731,50219,50725,51208
"44",5,"Valparaíso",5104,"Juan Fernández",643,671,693,709,732,749,783,801,820,839,864,882,897,923,946,963,991,1010,1033,1053,1074,1087,1104,1121,1141,1152,1166,1186,1196
"45",5,"Valparaíso",5105,"Puchuncaví",13582,13954,14328,14685,15045,15396,15754,16122,16480,16845,17205,17541,17886,18224,18562,18925,19306,19688,20071,20391,20674,20959,21221,21490,21740,21994,22237,22476,22714
"46",5,"Valparaíso",5107,"Quintero",22127,22914,23704,24483,25255,26031,26818,27610,28391,29177,29967,30719,31458,32208,32943,33710,34527,35341,36135,36821,37441,38040,38613,39170,39715,40230,40732,41219,41688
"47",5,"Valparaíso",5109,"Viña del Mar",301496,304510,307445,310318,313217,316170,319298,322520,325777,329090,332500,335569,338725,342001,345228,348885,353000,357228,361371,364472,366981,369303,371490,373551,375478,377245,378840,380231,381401
"48",5,"Valparaíso",5201,"Isla de Pascua",3952,4224,4492,4753,5024,5291,5553,5814,6070,6324,6563,6796,7014,7235,7443,7648,7870,8073,8277,8445,8601,8743,8872,8997,9121,9231,9344,9442,9532
"49",5,"Valparaíso",5301,"Los Andes",61674,61983,62288,62569,62852,63146,63472,63811,64155,64509,64879,65174,65490,65831,66160,66572,67071,67583,68093,68401,68602,68788,68939,69094,69228,69351,69469,69557,69645
"50",5,"Valparaíso",5302,"Calle Larga",10467,10785,11102,11422,11736,12054,12384,12714,13047,13374,13714,14039,14372,14692,15023,15371,15744,16107,16482,16804,17097,17388,17673,17946,18219,18487,18754,19006,19262
"51",5,"Valparaíso",5303,"Rinconada",7026,7261,7492,7728,7958,8190,8425,8663,8899,9138,9374,9600,9830,10051,10280,10513,10764,11010,11263,11471,11663,11847,12030,12204,12370,12535,12694,12845,12994
"52",5,"Valparaíso",5304,"San Esteban",14780,15095,15406,15722,16031,16343,16663,16985,17305,17625,17958,18266,18578,18893,19203,19541,19905,20276,20643,20952,21226,21493,21756,22010,22262,22509,22750,22993,23234
"53",5,"Valparaíso",5401,"La Ligua",33073,33320,33559,33783,34012,34244,34491,34745,34995,35254,35524,35748,35984,36227,36465,36749,37074,37411,37739,37957,38117,38259,38387,38511,38624,38731,38829,38918,38999
"54",5,"Valparaíso",5402,"Cabildo",19706,19735,19760,19780,19802,19829,19869,19912,19961,20010,20076,20108,20152,20207,20264,20339,20442,20554,20663,20715,20735,20748,20757,20764,20769,20771,20770,20765,20756
"55",5,"Valparaíso",5403,"Papudo",4773,4860,4946,5024,5106,5184,5264,5339,5417,5496,5578,5648,5720,5792,5866,5942,6028,6118,6201,6270,6331,6385,6438,6492,6545,6596,6646,6694,6745
"56",5,"Valparaíso",5404,"Petorca",9811,9847,9881,9913,9946,9975,10010,10052,10098,10133,10176,10210,10243,10281,10318,10367,10429,10495,10558,10590,10607,10615,10633,10636,10641,10644,10646,10647,10643
"57",5,"Valparaíso",5405,"Zapallar",5867,5990,6109,6227,6344,6459,6574,6694,6809,6930,7046,7156,7264,7377,7489,7607,7735,7866,7994,8100,8194,8281,8368,8454,8537,8619,8699,8779,8855
"58",5,"Valparaíso",5501,"Quillota",79050,80004,80934,81851,82769,83698,84670,85669,86669,87690,88737,89691,90664,91674,92673,93787,95032,96310,97572,98561,99401,100196,100972,101729,102467,103186,103884,104560,105214
"59",5,"Valparaíso",5502,"Calera",51055,51123,51183,51240,51298,51369,51470,51589,51713,51851,52005,52108,52227,52370,52508,52715,52996,53298,53591,53736,53809,53855,53902,53945,53985,54022,54056,54089,54120
"60",5,"Valparaíso",5503,"Hijuelas",16622,16752,16877,16998,17119,17242,17370,17506,17644,17777,17913,18039,18164,18294,18422,18572,18745,18924,19099,19218,19309,19389,19464,19537,19604,19666,19725,19779,19827
"61",5,"Valparaíso",5504,"La Cruz",13327,13911,14501,15101,15710,16331,16967,17619,18283,18948,19628,20294,20968,21654,22338,23054,23803,24564,25321,26008,26652,27279,27898,28505,29100,29683,30253,30809,31351
"62",5,"Valparaíso",5506,"Nogales",22354,22379,22400,22419,22442,22472,22515,22569,22626,22686,22757,22806,22862,22928,22994,23091,23218,23356,23490,23559,23594,23621,23645,23665,23685,23701,23715,23726,23734
"63",5,"Valparaíso",5601,"San Antonio",89844,89878,89934,90011,90131,90301,90551,90858,91203,91585,92023,92390,92799,93269,93749,94364,95130,95946,96761,97323,97758,98169,98579,98992,99407,99826,100246,100670,101097
"64",5,"Valparaíso",5602,"Algarrobo",9043,9431,9813,10188,10557,10920,11281,11639,11989,12333,12672,12992,13303,13612,13911,14221,14543,14863,15174,15436,15668,15886,16095,16296,16488,16671,16846,17014,17173
"65",5,"Valparaíso",5603,"Cartagena",17577,17958,18338,18718,19102,19493,19898,20312,20731,21159,21596,22014,22441,22881,23322,23795,24307,24832,25357,25815,26238,26652,27065,27476,27885,28294,28700,29106,29509
"66",5,"Valparaíso",5604,"El Quisco",9781,10305,10822,11329,11827,12316,12799,13273,13735,14185,14625,15035,15435,15825,16201,16584,16979,17367,17742,18056,18334,18593,18840,19073,19296,19508,19709,19900,20081
"67",5,"Valparaíso",5605,"El Tabo",7438,7915,8386,8847,9300,9741,10173,10593,10999,11390,11769,12119,12456,12783,13094,13406,13726,14038,14338,14587,14804,15006,15196,15375,15546,15707,15859,16004,16141
"68",5,"Valparaíso",5606,"Santo Domingo",7564,7838,8107,8369,8627,8882,9137,9389,9635,9880,10121,10347,10570,10792,11006,11231,11467,11703,11934,12126,12295,12456,12609,12758,12900,13037,13167,13293,13413
"69",5,"Valparaíso",5701,"San Felipe",66320,67182,68028,68864,69705,70560,71456,72374,73302,74246,75215,76109,77024,77974,78917,79961,81120,82312,83494,84445,85270,86062,86838,87601,88351,89085,89806,90509,91194
"70",5,"Valparaíso",5702,"Catemu",12462,12602,12740,12874,13009,13146,13290,13438,13587,13737,13893,14034,14179,14329,14477,14643,14831,15023,15213,15360,15482,15600,15714,15824,15932,16038,16140,16238,16333
"71",5,"Valparaíso",5703,"Llaillay",22173,22397,22616,22829,23043,23260,23489,23724,23960,24200,24447,24668,24895,25130,25363,25626,25925,26232,26533,26760,26946,27119,27286,27449,27605,27757,27902,28041,28175
"72",5,"Valparaíso",5704,"Panquehue",6767,6787,6809,6834,6862,6894,6932,6975,7019,7068,7121,7168,7219,7274,7328,7394,7472,7553,7633,7694,7745,7794,7841,7889,7937,7985,8032,8080,8128
"73",5,"Valparaíso",5705,"Putaendo",15016,15159,15299,15433,15566,15701,15843,15988,16132,16278,16428,16558,16692,16829,16963,17116,17292,17471,17645,17768,17862,17945,18023,18097,18164,18226,18283,18334,18379
"74",5,"Valparaíso",5706,"Santa María",13210,13370,13526,13680,13835,13992,14157,14327,14498,14671,14849,15013,15180,15353,15525,15716,15930,16150,16367,16539,16686,16827,16962,17097,17228,17355,17480,17602,17719
"75",5,"Valparaíso",5801,"Quilpué",133233,135025,136768,138470,140167,141877,143656,145470,147291,149137,151027,152760,154531,156367,158187,160210,162464,164783,167085,168931,170531,172073,173591,175095,176587,178066,179533,180990,182440
"76",5,"Valparaíso",5802,"Limache",40550,41037,41512,41976,42440,42910,43401,43904,44409,44923,45450,45929,46420,46930,47434,47999,48633,49285,49931,50439,50872,51289,51697,52099,52497,52891,53281,53666,54049
"77",5,"Valparaíso",5803,"Olmué",14667,14892,15114,15335,15557,15784,16021,16265,16512,16764,17022,17265,17514,17773,18031,18314,18625,18946,19266,19535,19777,20013,20247,20480,20713,20945,21177,21408,21639
"78",5,"Valparaíso",5804,"Villa Alemana",99161,101258,103334,105389,107449,109530,111669,113843,116029,118238,120486,122613,124770,126981,129180,131544,134099,136711,139310,141528,143536,145490,147418,149327,151218,153092,154949,156790,158617
"79",6,"Libertador General Bernardo O'Higgins",6101,"Rancagua",222553,223638,225078,226694,228442,230381,232591,234939,237365,239837,242327,244763,247228,249793,252498,255550,258738,261992,265211,267829,270112,272290,274407,276470,278486,280438,282325,284149,285889
"80",6,"Libertador General Bernardo O'Higgins",6102,"Codegua",11071,11282,11468,11637,11796,11952,12113,12275,12436,12594,12751,12903,13053,13208,13367,13545,13728,13914,14096,14247,14379,14504,14627,14745,14860,14971,15079,15183,15282
"81",6,"Libertador General Bernardo O'Higgins",6103,"Coinco",6625,6684,6743,6801,6857,6917,6983,7050,7118,7186,7253,7317,7380,7446,7515,7592,7672,7753,7831,7891,7939,7983,8024,8062,8097,8128,8157,8182,8203
"82",6,"Libertador General Bernardo O'Higgins",6104,"Coltauco",16892,17111,17327,17539,17750,17966,18197,18434,18673,18913,19152,19385,19618,19859,20109,20387,20677,20971,21263,21507,21725,21936,22143,22347,22549,22746,22941,23132,23319
"83",6,"Libertador General Bernardo O'Higgins",6105,"Doñihue",17674,17965,18246,18515,18775,19037,19309,19583,19857,20129,20397,20656,20915,21179,21453,21755,22068,22385,22700,22964,23199,23425,23647,23866,24081,24293,24501,24705,24905
"84",6,"Libertador General Bernardo O'Higgins",6106,"Graneros",26791,27393,27976,28535,29076,29613,30162,30708,31247,31776,32293,32791,33282,33776,34282,34828,35387,35950,36504,36972,37390,37793,38185,38569,38945,39313,39672,40023,40366
"85",6,"Libertador General Bernardo O'Higgins",6107,"Las Cabras",20887,21311,21683,22019,22333,22641,22955,23269,23581,23887,24189,24479,24768,25062,25367,25703,26051,26403,26749,27034,27283,27520,27749,27972,28189,28398,28600,28794,28981
"86",6,"Libertador General Bernardo O'Higgins",6108,"Machalí",29942,31778,33571,35333,37070,38802,40546,42283,44001,45696,47358,48972,50554,52117,53669,55258,56839,58398,59913,61254,62480,63642,64751,65812,66825,67789,68705,69574,70396
"87",6,"Libertador General Bernardo O'Higgins",6109,"Malloa",13371,13386,13402,13417,13432,13453,13488,13528,13570,13616,13660,13700,13742,13788,13842,13916,13997,14081,14163,14213,14245,14274,14300,14325,14349,14371,14391,14409,14425
"88",6,"Libertador General Bernardo O'Higgins",6110,"Mostazal",22139,22441,22718,22976,23226,23480,23751,24030,24313,24598,24883,25160,25440,25731,26036,26378,26735,27100,27462,27765,28035,28295,28552,28806,29056,29303,29546,29785,30020
"89",6,"Libertador General Bernardo O'Higgins",6111,"Olivar",12676,12801,12904,12993,13074,13157,13250,13347,13446,13546,13647,13744,13843,13948,14061,14194,14335,14480,14624,14736,14831,14919,15007,15092,15175,15255,15333,15409,15481
"90",6,"Libertador General Bernardo O'Higgins",6112,"Peumo",14424,14422,14421,14419,14418,14423,14443,14468,14497,14526,14555,14582,14609,14641,14682,14742,14810,14882,14952,14987,15005,15018,15028,15038,15046,15052,15056,15058,15058
"91",6,"Libertador General Bernardo O'Higgins",6113,"Pichidegua",18314,18434,18552,18666,18778,18895,19027,19165,19303,19440,19574,19699,19823,19950,20087,20246,20412,20581,20743,20855,20937,21009,21074,21133,21184,21230,21268,21300,21324
"92",6,"Libertador General Bernardo O'Higgins",6114,"Quinta de Tilcoco",11788,11881,11973,12066,12157,12253,12361,12473,12589,12704,12820,12930,13043,13160,13284,13425,13574,13727,13877,13995,14097,14194,14288,14379,14469,14557,14643,14726,14806
"93",6,"Libertador General Bernardo O'Higgins",6115,"Rengo",52595,53115,53637,54152,54667,55204,55791,56398,57015,57635,58252,58848,59448,60065,60713,61438,62193,62958,63710,64313,64831,65318,65786,66235,66666,67075,67461,67824,68162
"94",6,"Libertador General Bernardo O'Higgins",6116,"Requínoa",22876,23372,23820,24234,24629,25020,25422,25827,26231,26631,27026,27410,27791,28180,28580,29017,29468,29922,30371,30749,31087,31410,31724,32030,32328,32618,32897,33167,33427
"95",6,"Libertador General Bernardo O'Higgins",6117,"San Vicente",41758,42173,42587,42997,43406,43833,44301,44783,45274,45768,46259,46735,47213,47706,48222,48801,49404,50016,50617,51100,51518,51910,52289,52653,53003,53339,53656,53955,54236
"96",6,"Libertador General Bernardo O'Higgins",6201,"Pichilemu",12771,13069,13357,13639,13916,14193,14480,14766,15050,15333,15611,15879,16146,16414,16688,16982,17280,17584,17882,18136,18367,18587,18804,19016,19223,19424,19622,19813,20001
"97",6,"Libertador General Bernardo O'Higgins",6202,"La Estrella",3155,3145,3136,3126,3117,3109,3105,3101,3098,3098,3095,3092,3090,3088,3089,3093,3098,3107,3114,3113,3109,3103,3098,3092,3086,3080,3073,3066,3058
"98",6,"Libertador General Bernardo O'Higgins",6203,"Litueche",5770,5815,5862,5906,5949,5997,6049,6105,6158,6213,6267,6321,6375,6429,6487,6554,6623,6694,6765,6820,6865,6909,6949,6989,7028,7065,7101,7135,7167
"99",6,"Libertador General Bernardo O'Higgins",6204,"Marchihue",7102,7118,7134,7149,7162,7184,7209,7236,7261,7294,7323,7350,7377,7407,7442,7484,7532,7581,7632,7656,7679,7699,7715,7730,7745,7760,7771,7783,7792
"100",6,"Libertador General Bernardo O'Higgins",6205,"Navidad",5567,5659,5739,5809,5876,5947,6017,6087,6154,6228,6298,6364,6431,6499,6571,6650,6733,6818,6904,6968,7027,7081,7135,7188,7237,7285,7333,7378,7422
"101",6,"Libertador General Bernardo O'Higgins",6206,"Paredones",6907,6849,6791,6734,6680,6635,6596,6562,6525,6499,6470,6441,6416,6389,6370,6360,6351,6353,6349,6335,6309,6284,6259,6235,6210,6186,6160,6136,6112
"102",6,"Libertador General Bernardo O'Higgins",6301,"San Fernando",66464,67193,67811,68361,68875,69413,70008,70620,71250,71893,72535,73163,73803,74474,75187,76009,76875,77763,78642,79353,79964,80547,81117,81677,82220,82751,83265,83762,84241
"103",6,"Libertador General Bernardo O'Higgins",6302,"Chépica",14502,14558,14621,14672,14731,14788,14861,14943,15016,15097,15177,15249,15322,15400,15484,15590,15703,15816,15925,16003,16060,16106,16148,16189,16228,16267,16293,16325,16350
"104",6,"Libertador General Bernardo O'Higgins",6303,"Chimbarongo",33448,33628,33815,33994,34167,34351,34574,34808,35040,35275,35511,35733,35960,36193,36442,36744,37062,37386,37696,37935,38117,38288,38451,38602,38749,38892,39019,39148,39266
"105",6,"Libertador General Bernardo O'Higgins",6304,"Lolol",6401,6442,6475,6517,6556,6592,6640,6691,6735,6786,6837,6880,6923,6977,7030,7095,7157,7227,7289,7346,7380,7420,7454,7489,7523,7554,7585,7614,7641
"106",6,"Libertador General Bernardo O'Higgins",6305,"Nancagua",16218,16348,16475,16605,16737,16871,17018,17181,17341,17500,17663,17822,17980,18138,18315,18514,18721,18934,19141,19309,19456,19589,19725,19855,19981,20107,20231,20347,20460
"107",6,"Libertador General Bernardo O'Higgins",6306,"Palmilla",11621,11686,11764,11837,11907,11984,12069,12158,12252,12346,12438,12529,12615,12709,12811,12922,13046,13169,13299,13386,13458,13534,13597,13666,13725,13783,13853,13906,13960
"108",6,"Libertador General Bernardo O'Higgins",6307,"Peralillo",10114,10197,10276,10351,10427,10510,10599,10693,10787,10882,10974,11068,11161,11258,11361,11478,11606,11725,11848,11946,12027,12100,12174,12249,12320,12379,12454,12514,12574
"109",6,"Libertador General Bernardo O'Higgins",6308,"Placilla",8493,8514,8530,8552,8571,8595,8626,8655,8699,8736,8769,8801,8845,8875,8920,8977,9039,9093,9164,9199,9228,9259,9281,9303,9324,9350,9370,9383,9404
"110",6,"Libertador General Bernardo O'Higgins",6309,"Pumanque",3644,3623,3610,3592,3577,3567,3549,3542,3541,3535,3526,3523,3513,3516,3509,3512,3519,3531,3531,3532,3529,3520,3516,3510,3507,3497,3489,3485,3478
"111",6,"Libertador General Bernardo O'Higgins",6310,"Santa Cruz",33631,33980,34314,34656,34997,35352,35739,36139,36563,36968,37384,37781,38179,38607,39047,39540,40053,40574,41096,41511,41884,42235,42582,42914,43241,43558,43849,44136,44406
"112",7,"Maule",7101,"Talca",210107,211156,212205,213211,214233,215369,216627,218021,219447,220932,222339,223771,225288,226989,228724,230644,232672,234717,236724,238343,239735,241064,242344,243586,244782,245927,247029,248087,249080
"113",7,"Maule",7102,"Constitución",48258,48294,48338,48363,48392,48440,48519,48625,48738,48851,48957,49071,49190,49348,49510,49714,49932,50148,50348,50479,50547,50601,50646,50677,50704,50717,50712,50706,50678
"114",7,"Maule",7103,"Curepto",11108,10970,10829,10698,10565,10446,10333,10230,10133,10043,9955,9860,9787,9709,9641,9582,9529,9477,9426,9353,9285,9209,9136,9062,8992,8918,8842,8766,8700
"115",7,"Maule",7104,"Empedrado",4377,4356,4335,4316,4298,4276,4261,4250,4241,4230,4222,4205,4205,4203,4198,4200,4201,4204,4206,4196,4194,4185,4176,4165,4153,4144,4135,4120,4112
"116",7,"Maule",7105,"Maule",17726,19441,21263,23187,25212,27339,29571,31893,34297,36763,39260,41794,44358,46966,49575,52210,54841,57447,60000,62394,64676,66867,68975,70997,72933,74787,76554,78240,79841
"117",7,"Maule",7106,"Pelarco",7566,7634,7703,7767,7837,7908,7986,8066,8148,8230,8313,8391,8476,8574,8667,8766,8873,8979,9083,9171,9253,9331,9407,9482,9555,9626,9695,9760,9826
"118",7,"Maule",7107,"Pencahue",8336,8337,8339,8336,8338,8342,8351,8363,8377,8393,8408,8418,8431,8456,8478,8503,8539,8571,8601,8614,8622,8625,8626,8626,8623,8619,8613,8603,8595
"119",7,"Maule",7108,"Río Claro",13063,13126,13191,13252,13316,13388,13470,13553,13641,13736,13822,13920,14016,14122,14236,14357,14491,14623,14753,14859,14952,15042,15129,15215,15297,15377,15460,15537,15612
"120",7,"Maule",7109,"San Clemente",39001,39300,39601,39897,40199,40522,40877,41252,41641,42041,42433,42832,43248,43707,44177,44685,45216,45755,46292,46751,47177,47590,47999,48406,48808,49205,49597,49983,50363
"121",7,"Maule",7110,"San Rafael",7962,8053,8146,8232,8327,8422,8525,8631,8739,8849,8957,9066,9182,9299,9423,9554,9689,9825,9959,10078,10189,10294,10399,10502,10604,10704,10801,10896,10988
"122",7,"Maule",7201,"Cauquenes",42922,42885,42853,42813,42783,42774,42795,42842,42900,42968,43026,43097,43176,43295,43424,43590,43774,43962,44143,44253,44327,44389,44446,44498,44545,44588,44620,44650,44673
"123",7,"Maule",7202,"Chanco",9776,9723,9672,9623,9572,9528,9492,9462,9435,9411,9384,9363,9339,9329,9320,9320,9323,9327,9331,9319,9299,9278,9256,9233,9210,9186,9161,9137,9110
"124",7,"Maule",7203,"Pelluhue",6425,6505,6585,6663,6743,6824,6909,6999,7090,7182,7270,7362,7451,7556,7656,7763,7872,7983,8092,8187,8276,8361,8444,8526,8606,8684,8760,8833,8905
"125",7,"Maule",7301,"Curicó",124710,126834,128915,130923,132908,134918,136984,139095,141211,143337,145402,147466,149575,151787,154023,156377,158795,161223,163626,165757,167746,169681,171589,173473,175331,177162,178963,180737,182481
"126",7,"Maule",7302,"Hualañé",10095,10084,10074,10058,10049,10042,10041,10045,10051,10058,10061,10068,10078,10093,10111,10137,10166,10196,10222,10232,10232,10230,10225,10219,10210,10200,10188,10173,10157
"127",7,"Maule",7303,"Licantén",7011,6994,6977,6959,6942,6929,6921,6917,6914,6914,6914,6908,6910,6917,6926,6939,6956,6973,6989,6993,6993,6989,6986,6980,6975,6968,6961,6952,6943
"128",7,"Maule",7304,"Molina",39721,40173,40628,41076,41531,42008,42514,43046,43590,44146,44690,45244,45819,46430,47056,47723,48412,49109,49800,50413,50983,51539,52088,52631,53167,53695,54213,54721,55220
"129",7,"Maule",7305,"Rauco",8970,9074,9179,9282,9387,9495,9611,9733,9856,9981,10105,10230,10358,10496,10637,10786,10940,11094,11248,11384,11510,11632,11753,11871,11987,12102,12214,12323,12430
"130",7,"Maule",7306,"Romeral",13062,13193,13325,13456,13590,13731,13883,14044,14210,14380,14548,14720,14898,15091,15289,15500,15721,15946,16170,16370,16557,16742,16925,17109,17292,17473,17653,17833,18010
"131",7,"Maule",7307,"Sagrada Familia",18087,18127,18168,18204,18243,18290,18349,18418,18491,18568,18639,18713,18797,18889,18989,19103,19225,19348,19469,19556,19627,19692,19754,19813,19869,19922,19971,20017,20060
"132",7,"Maule",7308,"Teno",26379,26559,26741,26918,27100,27296,27511,27742,27980,28227,28466,28711,28968,29250,29539,29855,30184,30519,30850,31132,31390,31639,31885,32128,32368,32605,32838,33066,33290
"133",7,"Maule",7309,"Vichuquén",4991,4925,4863,4804,4749,4699,4656,4616,4581,4549,4517,4487,4462,4441,4423,4409,4399,4390,4381,4365,4347,4329,4311,4294,4276,4260,4243,4226,4210
"134",7,"Maule",7401,"Linares",86614,87245,87878,88491,89116,89780,90502,91272,92061,92869,93647,94434,95255,96149,97056,98039,99056,100077,101073,101895,102620,103303,103958,104584,105181,105745,106273,106763,107214
"135",7,"Maule",7402,"Colbún",18362,18553,18746,18933,19124,19324,19536,19759,19986,20219,20446,20675,20913,21167,21427,21704,21991,22279,22565,22813,23042,23262,23479,23693,23902,24107,24306,24501,24690
"136",7,"Maule",7403,"Longaví",28982,29128,29275,29416,29561,29721,29900,30097,30302,30513,30716,30924,31145,31391,31644,31924,32218,32516,32810,33051,33264,33467,33666,33862,34053,34240,34421,34597,34769
"137",7,"Maule",7404,"Parral",39240,39458,39676,39885,40101,40333,40592,40873,41162,41461,41747,42037,42343,42683,43030,43412,43790,44172,44544,44844,45103,45347,45583,45810,46030,46241,46442,46633,46815
"138",7,"Maule",7405,"Retiro",19067,19139,19212,19280,19351,19431,19523,19626,19733,19844,19950,20057,20173,20304,20440,20592,20751,20913,21071,21194,21299,21397,21492,21584,21672,21757,21838,21914,21987
"139",7,"Maule",7406,"San Javier",39458,40088,40674,41216,41734,42246,42767,43294,43818,44343,44848,45352,45870,46423,46984,47583,48204,48830,49451,49994,50496,50985,51469,51949,52425,52896,53361,53819,54273
"140",7,"Maule",7407,"Villa Alegre",15214,15305,15397,15484,15575,15673,15783,15902,16024,16150,16273,16398,16530,16676,16827,16992,17164,17339,17512,17656,17787,17913,18036,18159,18279,18396,18511,18624,18734
"141",7,"Maule",7408,"Yerbas Buenas",16584,16689,16793,16895,17000,17113,17238,17373,17512,17657,17796,17939,18090,18255,18425,18612,18807,19005,19200,19366,19515,19658,19800,19940,20078,20213,20346,20476,20603
"142",8,"Biobío",8101,"Concepción",226751,226859,226939,227057,227279,227711,228256,228957,229765,230697,231538,232271,233059,233921,234782,235573,236400,237257,238092,238661,239077,239443,239776,240075,240336,240553,240723,240845,240916
"143",8,"Biobío",8102,"Coronel",99579,101602,103477,105232,106901,108550,110145,111721,113268,114802,116231,117540,118828,120106,121339,122496,123634,124753,125829,126729,127519,128253,128941,129584,130182,130730,131230,131682,132086
"144",8,"Biobío",8103,"Chiguayante",84686,84774,84972,85231,85539,85917,86317,86756,87215,87701,88138,88515,88903,89309,89706,90068,90438,90815,91180,91435,91632,91805,91963,92106,92231,92338,92426,92493,92540
"145",8,"Biobío",8104,"Florida",11358,11397,11427,11449,11469,11492,11517,11544,11574,11608,11636,11658,11681,11709,11736,11760,11785,11813,11841,11855,11863,11868,11873,11876,11878,11878,11876,11872,11867
"146",8,"Biobío",8105,"Hualqui",19774,20361,20903,21401,21865,22309,22726,23125,23505,23870,24202,24500,24785,25058,25316,25552,25778,25997,26201,26366,26506,26632,26746,26850,26942,27025,27097,27159,27210
"147",8,"Biobío",8106,"Lota",51148,50402,49720,49103,48554,48092,47690,47356,47078,46854,46643,46434,46265,46133,46024,45920,45845,45791,45750,45672,45580,45490,45407,45329,45254,45180,45105,45029,44952
"148",8,"Biobío",8107,"Penco",47618,47662,47701,47742,47796,47885,47991,48125,48278,48454,48612,48745,48892,49055,49220,49371,49531,49700,49865,49975,50055,50125,50189,50248,50298,50341,50373,50396,50410
"149",8,"Biobío",8108,"San Pedro de la Paz",83721,88005,92189,96278,100282,104248,108130,111952,115693,119362,122855,126148,129338,132433,135397,138190,140877,143458,145906,148070,150023,151833,153516,155071,156506,157819,159017,160098,161070
"150",8,"Biobío",8109,"Santa Juana",13304,13434,13547,13648,13739,13832,13921,14010,14099,14190,14270,14337,14405,14474,14541,14602,14662,14723,14779,14819,14846,14870,14890,14907,14920,14929,14934,14935,14932
"151",8,"Biobío",8110,"Talcahuano",169916,167767,165863,164193,162764,161625,160690,159975,159438,159080,158749,158417,158202,158102,158066,158038,158087,158203,158345,158347,158285,158222,158167,158114,158061,158000,157927,157841,157737
"152",8,"Biobío",8111,"Tomé",54879,54905,55010,55161,55345,55575,55820,56087,56368,56665,56931,57155,57385,57627,57863,58076,58294,58516,58729,58873,58978,59069,59150,59222,59282,59332,59368,59392,59404
"153",8,"Biobío",8112,"Hualpén",88926,89530,90067,90554,91019,91512,91999,92507,93023,93561,94042,94450,94869,95303,95726,96109,96499,96894,97273,97536,97732,97902,98055,98189,98306,98399,98475,98521,98546
"154",8,"Biobío",8201,"Lebu",26031,26120,26187,26237,26283,26336,26390,26453,26520,26596,26659,26705,26757,26816,26875,26927,26982,27042,27100,27128,27139,27146,27152,27153,27151,27146,27138,27121,27102
"155",8,"Biobío",8202,"Arauco",36301,36413,36518,36618,36722,36846,36977,37123,37279,37448,37599,37726,37859,38003,38144,38274,38407,38545,38679,38769,38834,38890,38941,38986,39026,39057,39081,39097,39105
"156",8,"Biobío",8203,"Cañete",32772,33120,33426,33702,33959,34217,34466,34718,34967,35222,35452,35653,35855,36061,36262,36448,36633,36822,37003,37139,37249,37349,37443,37530,37606,37674,37737,37787,37829
"157",8,"Biobío",8204,"Contulmo",6065,6083,6094,6104,6113,6125,6137,6152,6169,6189,6206,6218,6233,6249,6265,6280,6296,6313,6330,6340,6346,6351,6355,6359,6362,6365,6367,6366,6364
"158",8,"Biobío",8205,"Curanilahue",33194,33219,33227,33223,33220,33233,33255,33292,33341,33405,33456,33493,33534,33591,33650,33701,33760,33826,33892,33921,33931,33938,33942,33942,33944,33937,33927,33912,33889
"159",8,"Biobío",8206,"Los Álamos",19299,19541,19759,19959,20148,20340,20526,20714,20902,21093,21269,21429,21592,21754,21915,22067,22218,22374,22524,22647,22755,22856,22953,23046,23133,23216,23296,23366,23430
"160",8,"Biobío",8207,"Tirúa",10094,10171,10233,10290,10341,10395,10448,10502,10558,10616,10667,10708,10754,10801,10847,10889,10930,10975,11019,11046,11069,11088,11105,11120,11136,11147,11156,11164,11163
"161",8,"Biobío",8301,"Los Angeles",174082,177521,180700,183670,186495,189284,191984,194650,197269,199867,202284,204496,206672,208833,210920,212875,214799,216695,218515,220030,221361,222593,223751,224828,225833,226749,227589,228341,229012
"162",8,"Biobío",8302,"Antuco",4035,4055,4073,4092,4106,4121,4136,4152,4170,4186,4201,4213,4226,4240,4253,4266,4277,4291,4306,4312,4317,4322,4325,4328,4330,4333,4333,4333,4333
"163",8,"Biobío",8303,"Cabrero",26352,26750,27102,27423,27716,28002,28272,28537,28794,29050,29279,29477,29674,29870,30057,30229,30394,30564,30725,30842,30937,31023,31102,31172,31236,31289,31337,31372,31402
"164",8,"Biobío",8304,"Laja",23319,23331,23339,23339,23339,23353,23372,23405,23438,23493,23534,23562,23600,23642,23688,23729,23772,23823,23873,23896,23909,23913,23921,23924,23926,23922,23916,23907,23888
"165",8,"Biobío",8305,"Mulchén",30203,30228,30237,30240,30243,30269,30302,30352,30419,30484,30546,30590,30647,30711,30778,30836,30896,30973,31041,31078,31098,31109,31122,31130,31134,31134,31127,31119,31103
"166",8,"Biobío",8306,"Nacimiento",27031,27084,27120,27142,27162,27199,27239,27289,27350,27419,27478,27522,27576,27635,27696,27752,27814,27880,27944,27981,28002,28016,28028,28040,28045,28050,28053,28043,28035
"167",8,"Biobío",8307,"Negrete",8960,9085,9203,9305,9401,9496,9587,9672,9754,9840,9920,9992,10059,10124,10192,10253,10308,10372,10429,10474,10514,10539,10574,10599,10625,10649,10666,10686,10701
"168",8,"Biobío",8308,"Quilaco",4141,4142,4134,4134,4126,4130,4129,4131,4137,4135,4143,4148,4145,4154,4160,4163,4178,4177,4179,4186,4188,4187,4186,4178,4177,4186,4184,4179,4175
"169",8,"Biobío",8309,"Quilleco",10727,10632,10534,10446,10366,10303,10249,10204,10171,10143,10114,10092,10067,10059,10046,10038,10037,10031,10032,10023,10010,10000,9986,9973,9966,9958,9943,9931,9919
"170",8,"Biobío",8310,"San Rosendo",4158,4095,4041,3985,3934,3889,3854,3819,3789,3765,3742,3716,3698,3675,3664,3644,3635,3619,3611,3595,3581,3565,3553,3539,3526,3512,3501,3492,3477
"171",8,"Biobío",8311,"Santa Bárbara",13589,13677,13753,13815,13875,13926,13986,14044,14111,14172,14228,14270,14315,14369,14417,14461,14499,14551,14592,14625,14644,14657,14671,14687,14694,14692,14699,14692,14700
"172",8,"Biobío",8312,"Tucapel",13313,13466,13596,13713,13831,13942,14050,14160,14269,14388,14487,14577,14667,14764,14857,14945,15029,15119,15205,15273,15322,15379,15428,15477,15514,15558,15589,15629,15664
"173",8,"Biobío",8313,"Yumbel",21311,21356,21388,21412,21441,21467,21504,21552,21602,21667,21718,21757,21810,21865,21912,21958,22021,22072,22132,22158,22174,22194,22210,22216,22232,22230,22229,22235,22225
"174",8,"Biobío",8314,"Alto Biobío",6399,6431,6458,6477,6495,6523,6540,6562,6581,6610,6628,6650,6664,6682,6706,6719,6745,6760,6775,6789,6793,6803,6804,6818,6810,6816,6813,6818,6819
"175",9,"La Araucanía",9101,"Temuco",257329,260007,262653,265216,267743,270331,272969,275722,278377,281094,283768,286138,288521,291032,293431,295839,298239,300618,302931,304871,306579,308175,309696,311135,312499,313779,314980,316091,317114
"176",9,"La Araucanía",9102,"Carahue",26532,26271,26051,25862,25703,25581,25488,25430,25382,25358,25346,25322,25314,25328,25342,25369,25403,25444,25486,25505,25511,25514,25515,25516,25516,25514,25509,25500,25489
"177",9,"La Araucanía",9103,"Cunco",19483,19183,18932,18717,18537,18393,18279,18197,18129,18083,18050,18012,17988,17984,17983,17992,18008,18030,18055,18065,18067,18067,18068,18068,18069,18068,18066,18062,18057
"178",9,"La Araucanía",9104,"Curarrehue",7098,7137,7176,7213,7251,7291,7331,7377,7419,7464,7508,7544,7580,7619,7657,7694,7731,7767,7802,7826,7845,7860,7873,7885,7894,7900,7903,7905,7905
"179",9,"La Araucanía",9105,"Freire",24852,24837,24830,24825,24825,24839,24865,24908,24949,25001,25054,25086,25124,25177,25226,25278,25334,25391,25446,25472,25483,25487,25488,25485,25479,25467,25453,25434,25409
"180",9,"La Araucanía",9106,"Galvarino",13094,13019,12952,12890,12834,12790,12753,12729,12706,12692,12679,12659,12644,12637,12631,12628,12628,12630,12633,12623,12606,12588,12568,12548,12528,12507,12484,12460,12434
"181",9,"La Araucanía",9107,"Gorbea",15814,15702,15603,15514,15435,15370,15319,15282,15249,15227,15209,15182,15161,15153,15144,15140,15140,15144,15148,15137,15118,15098,15076,15054,15031,15008,14982,14956,14928
"182",9,"La Araucanía",9108,"Lautaro",33592,33999,34405,34801,35195,35598,36008,36435,36850,37274,37691,38070,38451,38848,39230,39614,39996,40376,40746,41065,41352,41624,41884,42133,42369,42595,42808,43007,43194
"183",9,"La Araucanía",9109,"Loncoche",24180,24159,24146,24136,24133,24143,24167,24208,24246,24296,24349,24380,24418,24471,24519,24571,24626,24684,24739,24766,24778,24784,24785,24783,24778,24770,24756,24738,24715
"184",9,"La Araucanía",9110,"Melipeuco",5813,5831,5849,5869,5889,5912,5937,5967,5994,6024,6054,6078,6103,6131,6158,6185,6212,6239,6265,6283,6297,6309,6319,6328,6336,6341,6346,6348,6350
"185",9,"La Araucanía",9111,"Nueva Imperial",30949,31011,31107,31222,31351,31502,31669,31857,32040,32234,32427,32587,32752,32933,33102,33273,33445,33614,33777,33898,33993,34077,34151,34218,34276,34325,34365,34394,34414
"186",9,"La Araucanía",9112,"Padre Las Casas",62108,63270,64425,65564,66693,67838,68995,70178,71335,72505,73661,74733,75802,76900,77962,79019,80067,81101,82110,83009,83834,84619,85373,86093,86782,87436,88057,88643,89192
"187",9,"La Araucanía",9113,"Perquenco",6724,6748,6773,6797,6821,6848,6876,6909,6939,6973,7005,7031,7058,7086,7114,7142,7169,7197,7223,7241,7253,7262,7269,7276,7279,7281,7282,7280,7276
"188",9,"La Araucanía",9114,"Pitrufquen",22792,22971,23149,23323,23496,23676,23863,24061,24253,24452,24649,24823,24998,25187,25366,25549,25733,25916,26096,26245,26375,26499,26617,26730,26839,26943,27041,27134,27222
"189",9,"La Araucanía",9115,"Pucón",21907,22478,23031,23562,24074,24576,25068,25555,26019,26475,26913,27310,27695,28080,28443,28796,29138,29469,29782,30052,30290,30508,30712,30901,31076,31238,31385,31518,31637
"190",9,"La Araucanía",9116,"Saavedra",14490,14258,14053,13868,13705,13564,13444,13344,13253,13178,13112,13043,12983,12939,12897,12863,12835,12812,12793,12764,12727,12693,12660,12630,12596,12565,12535,12503,12473
"191",9,"La Araucanía",9117,"Teodoro Schmidt",15900,15852,15812,15774,15741,15718,15704,15702,15701,15706,15713,15709,15711,15720,15727,15740,15753,15771,15786,15784,15774,15759,15744,15728,15708,15688,15665,15639,15613
"192",9,"La Araucanía",9118,"Toltén",11606,11398,11213,11048,10900,10774,10665,10573,10490,10420,10358,10295,10241,10198,10158,10126,10098,10075,10055,10027,9993,9966,9937,9909,9879,9854,9829,9802,9776
"193",9,"La Araucanía",9119,"Vilcún",23390,23705,24030,24359,24696,25050,25421,25815,26211,26627,27052,27462,27886,28338,28793,29265,29752,30253,30766,31258,31745,32238,32742,33260,33789,34334,34892,35464,36051
"194",9,"La Araucanía",9120,"Villarrica",47625,48368,49096,49796,50480,51166,51850,52548,53218,53891,54548,55141,55723,56326,56898,57466,58025,58574,59103,59554,59955,60327,60675,61009,61319,61609,61876,62123,62348
"195",9,"La Araucanía",9121,"Cholchol",10244,10369,10493,10614,10732,10853,10976,11103,11225,11349,11472,11582,11690,11806,11915,12023,12130,12237,12341,12427,12504,12578,12647,12707,12770,12828,12880,12929,12972
"196",9,"La Araucanía",9201,"Angol",50623,50846,51092,51351,51616,51909,52224,52568,52899,53249,53594,53892,54192,54520,54827,55140,55451,55761,56058,56289,56476,56644,56797,56934,57062,57172,57265,57344,57406
"197",9,"La Araucanía",9202,"Collipulli",23337,23481,23630,23771,23915,24066,24226,24399,24565,24732,24908,25055,25205,25369,25523,25681,25838,25996,26148,26271,26374,26468,26558,26638,26715,26790,26853,26914,26965
"198",9,"La Araucanía",9203,"Curacautín",17635,17637,17645,17649,17661,17680,17707,17748,17784,17826,17868,17898,17930,17974,18013,18054,18094,18137,18178,18196,18207,18210,18211,18209,18203,18195,18181,18166,18147
"199",9,"La Araucanía",9204,"Ercilla",9461,9317,9192,9079,8980,8895,8823,8764,8712,8668,8628,8593,8558,8534,8510,8495,8480,8468,8458,8446,8423,8405,8387,8366,8350,8335,8316,8299,8282
"200",9,"La Araucanía",9205,"Lonquimay",10454,10478,10498,10520,10547,10577,10608,10647,10685,10723,10764,10794,10828,10863,10901,10939,10975,11014,11049,11071,11088,11101,11109,11119,11125,11132,11132,11134,11131
"201",9,"La Araucanía",9206,"Los Sauces",8043,7962,7895,7829,7771,7723,7684,7654,7629,7610,7587,7564,7551,7538,7529,7524,7519,7516,7517,7510,7498,7484,7468,7459,7449,7434,7422,7413,7398
"202",9,"La Araucanía",9207,"Lumaco",11720,11506,11307,11132,10980,10847,10730,10630,10540,10468,10399,10327,10269,10220,10173,10132,10104,10076,10050,10015,9976,9947,9916,9887,9850,9826,9791,9766,9730
"203",9,"La Araucanía",9208,"Purén",13469,13286,13125,12981,12849,12742,12646,12570,12503,12450,12401,12349,12309,12275,12245,12223,12213,12192,12188,12167,12146,12118,12103,12069,12045,12021,12004,11977,11955
"204",9,"La Araucanía",9209,"Renaico",9599,9679,9752,9823,9889,9953,10023,10100,10164,10240,10311,10375,10436,10500,10575,10634,10694,10764,10833,10884,10929,10964,11002,11036,11067,11098,11128,11149,11170
"205",9,"La Araucanía",9210,"Traiguén",19929,19793,19685,19583,19500,19427,19379,19340,19317,19300,19296,19272,19260,19262,19260,19275,19285,19306,19314,19315,19302,19287,19260,19249,19235,19207,19188,19162,19131
"206",9,"La Araucanía",9211,"Victoria",34908,34831,34774,34729,34689,34682,34697,34743,34784,34849,34920,34957,34997,35086,35151,35219,35305,35393,35467,35512,35531,35541,35554,35556,35555,35538,35524,35498,35477
"207",10,"Los Lagos",10101,"Puerto Montt",182575,188364,194013,199531,205025,210384,215871,221363,226627,231795,236727,241293,245735,250087,254391,258579,262245,265863,269398,272555,275473,278255,280955,283552,286053,288466,290782,293011,295147
"208",10,"Los Lagos",10102,"Calbuco",32271,32568,32853,33124,33402,33665,33955,34253,34521,34779,35007,35186,35354,35512,35668,35813,36129,36442,36744,36997,37221,37429,37626,37813,37988,38152,38306,38447,38577
"209",10,"Los Lagos",10103,"Cochamó",4532,4485,4440,4397,4358,4321,4290,4263,4236,4209,4182,4151,4121,4092,4066,4041,4028,4016,4006,3991,3976,3960,3947,3932,3919,3907,3894,3883,3872
"210",10,"Los Lagos",10104,"Fresia",13131,13072,13015,12962,12920,12879,12856,12843,12826,12812,12794,12765,12738,12714,12694,12677,12667,12660,12656,12638,12616,12593,12571,12551,12529,12509,12489,12469,12449
"211",10,"Los Lagos",10105,"Frutillar",15803,16162,16493,16797,17090,17364,17645,17923,18181,18432,18665,18871,19071,19266,19460,19649,19842,20034,20223,20387,20535,20678,20817,20951,21081,21208,21331,21450,21565
"212",10,"Los Lagos",10106,"Los Muermos",17425,17429,17434,17439,17455,17470,17507,17553,17591,17630,17659,17671,17682,17696,17713,17731,17757,17786,17817,17828,17831,17831,17832,17832,17832,17832,17832,17831,17830
"213",10,"Los Lagos",10107,"Llanquihue",17141,17241,17337,17426,17521,17608,17712,17821,17915,18006,18084,18138,18188,18236,18284,18328,18427,18525,18621,18694,18755,18811,18863,18912,18959,19002,19044,19082,19117
"214",10,"Los Lagos",10108,"Maullín",16193,16069,15949,15835,15734,15637,15563,15502,15437,15377,15314,15236,15163,15094,15032,14973,14941,14917,14894,14859,14816,14775,14735,14697,14659,14622,14586,14551,14516
"215",10,"Los Lagos",10109,"Puerto Varas",33749,34608,35459,36300,37155,38001,38887,39788,40664,41536,42380,43172,43955,44733,45512,46283,47063,47845,48620,49332,50010,50669,51316,51951,52572,53179,53772,54351,54916
"216",10,"Los Lagos",10201,"Castro",40982,41419,41838,42247,42660,43057,43489,43931,44333,44723,45075,45363,45636,45895,46150,46390,46805,47214,47607,47934,48219,48482,48727,48955,49163,49353,49523,49674,49804
"217",10,"Los Lagos",10202,"Ancud",41332,41355,41381,41408,41458,41507,41606,41728,41829,41932,42012,42050,42087,42128,42179,42231,42301,42379,42458,42494,42507,42516,42524,42531,42538,42545,42551,42554,42556
"218",10,"Los Lagos",10203,"Chonchi",12999,13187,13369,13546,13729,13909,14103,14304,14497,14689,14872,15038,15201,15362,15525,15683,15797,15909,16013,16092,16155,16213,16267,16324,16384,16447,16514,16582,16651
"219",10,"Los Lagos",10204,"Curaco de Vélez",3511,3547,3582,3616,3651,3685,3721,3759,3794,3828,3860,3887,3913,3938,3964,3989,4015,4041,4066,4086,4104,4120,4135,4151,4165,4178,4191,4203,4214
"220",10,"Los Lagos",10205,"Dalcahue",11202,11747,12179,12526,12818,13064,13293,13507,13696,13874,14035,14174,14307,14436,14563,14689,14816,14944,15069,15178,15275,15368,15456,15546,15631,15716,15797,15876,15952
"221",10,"Los Lagos",10206,"Puqueldón",4292,4276,4261,4247,4237,4227,4223,4223,4221,4220,4217,4211,4206,4202,4199,4197,4197,4199,4201,4199,4195,4191,4188,4184,4181,4177,4174,4171,4168
"222",10,"Los Lagos",10207,"Queilén",5342,5355,5367,5378,5391,5401,5420,5442,5457,5473,5486,5492,5499,5504,5511,5518,5525,5534,5543,5547,5545,5543,5542,5539,5537,5535,5530,5526,5522
"223",10,"Los Lagos",10208,"Quellón",22553,23243,23825,24327,24786,25202,25619,26026,26401,26762,27097,27392,27678,27955,28231,28499,28771,29043,29309,29538,29745,29942,30136,30320,30500,30675,30842,31005,31162
"224",10,"Los Lagos",10209,"Quemchi",8887,8867,8848,8828,8814,8798,8801,8806,8807,8810,8808,8800,8791,8783,8779,8777,8777,8780,8783,8779,8770,8760,8754,8741,8732,8723,8713,8703,8693
"225",10,"Los Lagos",10210,"Quinchao",9242,9139,9044,8955,8878,8805,8750,8704,8657,8614,8572,8524,8479,8438,8403,8369,8343,8320,8298,8272,8241,8212,8186,8159,8133,8112,8086,8064,8042
"226",10,"Los Lagos",10301,"Osorno",151578,152989,154345,155649,156995,158293,159741,161239,162623,163982,165215,166249,167241,168213,169187,170129,171233,172336,173410,174269,174998,175670,176304,176896,177446,177954,178418,178840,179215
"227",10,"Los Lagos",10302,"Puerto Octay",10536,10413,10294,10180,10078,9979,9900,9826,9756,9688,9618,9542,9468,9399,9335,9273,9243,9216,9192,9159,9123,9089,9056,9025,8995,8966,8937,8910,8884
"228",10,"Los Lagos",10303,"Purranque",21608,21537,21467,21399,21347,21297,21278,21273,21259,21250,21233,21196,21163,21133,21111,21092,21084,21081,21080,21060,21028,20998,20968,20937,20908,20880,20850,20819,20787
"229",10,"Los Lagos",10304,"Puyehue",11355,11378,11403,11420,11446,11469,11506,11548,11581,11615,11640,11654,11666,11679,11694,11708,11733,11760,11787,11800,11809,11813,11818,11823,11826,11830,11832,11833,11836
"230",10,"Los Lagos",10305,"Río Negro",15312,15213,15118,15027,14945,14870,14815,14772,14725,14688,14633,14574,14516,14462,14416,14373,14335,14303,14275,14229,14183,14133,14085,14037,13991,13946,13902,13855,13813
"231",10,"Los Lagos",10306,"San Juan de la Costa",9172,9026,8892,8764,8651,8544,8451,8373,8290,8215,8139,8063,7988,7920,7854,7794,7739,7690,7639,7590,7536,7482,7424,7379,7332,7283,7241,7195,7147
"232",10,"Los Lagos",10307,"San Pablo",10525,10518,10507,10496,10494,10487,10494,10513,10519,10534,10539,10536,10532,10531,10533,10534,10541,10547,10553,10556,10548,10543,10537,10522,10514,10500,10497,10487,10474
"233",10,"Los Lagos",10401,"Chaitén",7178,6561,6132,5817,5585,5410,5289,5200,5128,5082,5048,5012,4993,4981,4977,4980,4988,5001,5020,5033,5050,5061,5078,5094,5113,5126,5145,5169,5187
"234",10,"Los Lagos",10402,"Futaleufú",1931,2020,2100,2168,2235,2296,2345,2400,2453,2491,2537,2571,2607,2640,2670,2709,2740,2770,2806,2835,2862,2889,2912,2938,2963,2985,3011,3030,3052
"235",10,"Los Lagos",10403,"Hualaihué",8588,8656,8715,8780,8838,8904,8970,9034,9101,9156,9213,9261,9299,9333,9373,9407,9447,9487,9525,9546,9562,9579,9586,9605,9614,9619,9632,9633,9640
"236",10,"Los Lagos",10404,"Palena",1744,1748,1754,1758,1764,1773,1777,1783,1788,1798,1805,1806,1810,1814,1816,1812,1819,1822,1827,1826,1822,1824,1826,1824,1821,1824,1815,1821,1815
"237",11,"Aysén del General Carlos Ibáñez del Campo",11101,"Coyhaique",51183,52067,52829,53531,54143,54761,55415,56102,56714,57343,57864,58327,58763,59181,59574,60005,60410,60822,61210,61496,61705,61885,62046,62193,62318,62422,62509,62572,62615
"238",11,"Aysén del General Carlos Ibáñez del Campo",11102,"Lago Verde",987,971,959,950,941,935,932,929,927,926,925,923,921,920,919,919,919,919,920,919,917,915,914,912,910,909,906,905,902
"239",11,"Aysén del General Carlos Ibáñez del Campo",11201,"Aysén",22757,22695,22728,22823,22934,23076,23254,23460,23640,23835,23989,24126,24253,24376,24491,24623,24749,24880,25002,25085,25138,25180,25218,25250,25277,25297,25310,25315,25314
"240",11,"Aysén del General Carlos Ibáñez del Campo",11202,"Cisnes",5501,5455,5433,5429,5434,5449,5476,5514,5546,5585,5615,5642,5668,5693,5717,5745,5772,5801,5828,5845,5857,5865,5872,5878,5883,5887,5888,5889,5888
"241",11,"Aysén del General Carlos Ibáñez del Campo",11203,"Guaitecas",1472,1465,1463,1467,1473,1480,1491,1503,1514,1527,1536,1544,1552,1560,1567,1575,1583,1591,1599,1604,1607,1608,1611,1612,1614,1615,1615,1615,1614
"242",11,"Aysén del General Carlos Ibáñez del Campo",11301,"Cochrane",3038,3083,3126,3170,3210,3251,3296,3343,3383,3426,3461,3493,3523,3552,3578,3606,3633,3660,3685,3704,3718,3731,3741,3751,3759,3767,3773,3778,3781
"243",11,"Aysén del General Carlos Ibáñez del Campo",11302,"O'Higgins",477,492,507,519,532,545,557,570,581,592,601,610,618,627,633,641,648,655,661,665,670,672,675,679,681,683,685,686,688
"244",11,"Aysén del General Carlos Ibáñez del Campo",11303,"Tortel",462,469,476,483,490,497,504,513,518,526,532,537,543,548,553,557,562,567,572,576,579,582,585,586,589,590,592,593,594
"245",11,"Aysén del General Carlos Ibáñez del Campo",11401,"Chile Chico",4597,4602,4620,4646,4675,4709,4748,4794,4833,4875,4908,4938,4965,4991,5015,5043,5069,5096,5121,5138,5148,5157,5163,5169,5174,5177,5179,5179,5177
"246",11,"Aysén del General Carlos Ibáñez del Campo",11402,"Río Ibáñez",2565,2558,2554,2555,2557,2562,2572,2586,2598,2612,2622,2632,2640,2649,2657,2668,2678,2689,2699,2705,2708,2711,2713,2714,2715,2716,2716,2715,2713
"247",12,"Magallanes y de la Antártica Chilena",12101,"Punta Arenas",121265,122116,122915,123718,124576,125459,126473,127501,128539,129652,130761,131735,132762,133907,135119,136476,138248,140132,141984,143205,144116,144938,145713,146465,147192,147892,148576,149224,149839
"248",12,"Magallanes y de la Antártica Chilena",12102,"Laguna Blanca",702,598,527,473,433,405,377,356,339,324,312,302,292,285,277,273,270,266,264,259,257,252,248,246,242,240,238,236,234
"249",12,"Magallanes y de la Antártica Chilena",12103,"Río Verde",354,331,311,295,281,270,262,251,243,237,232,226,222,218,216,215,213,213,211,212,209,205,205,202,201,200,198,196,195
"250",12,"Magallanes y de la Antártica Chilena",12104,"San Gregorio",1244,1151,1074,1012,959,915,877,846,817,795,773,754,737,722,709,699,692,686,681,674,666,658,651,644,638,631,625,620,614
"251",12,"Magallanes y de la Antártica Chilena",12201,"Cabo de Hornos",2245,2202,2165,2130,2101,2076,2055,2037,2021,2009,1996,1984,1975,1968,1964,1963,1968,1976,1983,1983,1978,1973,1968,1963,1958,1954,1948,1942,1937
"252",12,"Magallanes y de la Antártica Chilena",12202,"Antártica",48,51,56,62,65,70,75,80,85,90,96,101,106,112,116,123,127,131,137,141,144,148,151,154,156,159,162,167,166
"253",12,"Magallanes y de la Antártica Chilena",12301,"Porvenir",5100,5238,5371,5501,5628,5754,5881,6006,6127,6249,6369,6477,6585,6695,6805,6920,7054,7190,7323,7421,7500,7570,7637,7697,7755,7808,7856,7900,7938
"254",12,"Magallanes y de la Antártica Chilena",12302,"Primavera",1147,1068,1004,952,909,873,842,817,795,775,759,745,731,721,711,704,699,696,694,689,684,679,674,669,664,660,656,652,648
"255",12,"Magallanes y de la Antártica Chilena",12303,"Timaukel",419,396,378,363,350,338,329,321,314,308,303,299,294,290,288,286,284,283,282,281,279,278,276,274,274,272,270,269,270
"256",12,"Magallanes y de la Antártica Chilena",12401,"Natales",19334,19526,19709,19896,20091,20291,20512,20737,20963,21205,21445,21664,21893,22141,22400,22686,23040,23413,23782,24044,24255,24447,24631,24809,24980,25143,25300,25446,25581
"257",12,"Magallanes y de la Antártica Chilena",12402,"Torres del Paine",536,567,598,629,660,690,719,748,777,804,831,855,878,902,925,948,972,998,1021,1040,1055,1069,1081,1093,1103,1114,1123,1130,1137
"258",13,"Metropolitana de Santiago",13101,"Santiago",224989,237129,250125,263090,276552,290228,304340,318048,331459,346099,361135,373109,385980,399928,417125,446490,467865,486838,503147,517280,527014,536089,544388,552151,559385,566053,572115,577513,582224
"259",13,"Metropolitana de Santiago",13102,"Cerrillos",74062,75151,76079,76893,77658,78400,79142,79850,80518,81184,81826,82325,82841,83394,84024,85026,86451,88016,88956,89520,89858,90060,90182,90268,90328,90368,90398,90422,90440
"260",13,"Metropolitana de Santiago",13103,"Cerro Navia",152819,152264,151422,150406,149347,148305,147316,146323,145320,144364,143425,142302,141268,140355,139635,139604,140355,141402,142465,142304,141507,140581,139632,138677,137719,136756,135785,134804,133812
"261",13,"Metropolitana de Santiago",13104,"Conchalí",143537,143198,142585,141784,140942,140102,139309,138486,137632,136856,136102,135077,134157,133379,132883,133420,135099,137162,139195,139394,138638,137678,136674,135654,134625,133588,132538,131477,130403
"262",13,"Metropolitana de Santiago",13105,"El Bosque",180585,180456,179966,179264,178492,177725,177002,176282,175546,174811,174065,173188,172371,171654,171035,170801,171032,171487,172000,171789,171201,170536,169855,169168,168473,167765,167040,166294,165528
"263",13,"Metropolitana de Santiago",13106,"Estación Central",131745,125248,122904,122312,122752,123797,125302,126979,128782,130966,133345,135199,137338,139800,142994,148730,166174,186426,206792,214470,217664,219897,221901,223849,225754,227616,229433,231202,232919
"264",13,"Metropolitana de Santiago",13107,"Huechuraba",76619,78781,80794,82692,84547,86382,88222,90023,91781,93543,95279,96837,98415,100039,101764,103962,106706,109630,112528,114453,115858,117121,118327,119487,120604,121673,122695,123665,124581
"265",13,"Metropolitana de Santiago",13108,"Independencia",71823,73266,74769,76222,77817,79501,81348,83141,84919,87102,89473,91103,93064,95406,98724,105437,117277,129691,142065,147655,150074,151890,153624,155387,157214,159120,161124,163238,165481
"266",13,"Metropolitana de Santiago",13109,"La Cisterna",88612,89462,90121,90646,91117,91566,92021,92439,92817,93207,93580,93785,94025,94323,94738,95652,97125,98790,100434,101126,101313,101377,101401,101398,101371,101318,101239,101132,100993
"267",13,"Metropolitana de Santiago",13110,"La Florida",376943,378224,378858,379112,379297,379550,379961,380397,380826,381345,381887,382040,382379,382995,383976,386307,390218,396781,402433,405185,406229,406796,407297,407764,408195,408581,408912,409176,409368
"268",13,"Metropolitana de Santiago",13111,"La Granja",137061,136444,135558,134513,133422,132339,131298,130260,129216,128185,127156,126023,124946,123955,123061,122518,122392,122454,122557,122028,121170,120249,119321,118394,117466,116536,115601,114658,113708
"269",13,"Metropolitana de Santiago",13112,"La Pintana",195306,195075,194521,193808,193070,192390,191802,191264,190750,190249,189761,189194,188703,188324,188020,187970,188255,188748,189335,189454,189321,189151,188980,188806,188629,188441,188237,188010,187758
"270",13,"Metropolitana de Santiago",13113,"La Reina",99701,99840,99773,99567,99317,99055,98815,98549,98255,97986,97718,97286,96904,96600,96435,96811,97810,99033,100252,100459,100131,99686,99212,98722,98219,97704,97174,96629,96066
"271",13,"Metropolitana de Santiago",13114,"Las Condes",255694,257683,260159,262683,265432,268374,271586,274803,278025,281616,285361,288301,291572,295261,299849,307708,315183,323309,330759,335296,338541,341183,343632,345985,348261,350456,352569,354587,356514
"272",13,"Metropolitana de Santiago",13115,"Lo Barnechea",76731,79167,81482,83678,85855,88013,90192,92308,94364,96492,98620,100413,102273,104233,106460,109778,114322,119240,124076,126816,128439,129790,131053,132248,133393,134483,135522,136503,137425
"273",13,"Metropolitana de Santiago",13116,"Lo Espejo",118886,118055,117010,115842,114652,113484,112366,111260,110159,109090,108037,106884,105795,104797,103919,103454,103454,103643,103865,103381,102530,101615,100694,99774,98860,97948,97039,96122,95206
"274",13,"Metropolitana de Santiago",13117,"Lo Prado",109728,109420,108897,108228,107523,106808,106132,105431,104703,104026,103361,102502,101716,101031,100539,100771,101803,103111,104403,104405,103732,102923,102078,101223,100361,99492,98616,97730,96835
"275",13,"Metropolitana de Santiago",13118,"Macul",115616,115627,115642,115694,115857,116146,116571,117063,117600,118236,118923,119458,120089,120843,121787,123420,126804,130467,134635,136278,137079,137735,138361,138951,139522,140069,140586,141070,141516
"276",13,"Metropolitana de Santiago",13119,"Maipú",483980,491102,497093,502319,507149,511794,516374,520755,524888,528829,532529,535609,538660,541811,545053,549261,556715,566664,578605,584053,585684,586337,586812,587189,587508,587783,588020,588226,588409
"277",13,"Metropolitana de Santiago",13120,"Ñuñoa",168511,172118,175488,178672,181850,185075,188411,191729,195036,198518,202073,205208,208542,212137,216230,222055,230808,240753,250192,255823,259712,263319,266906,270521,274180,277880,281629,285411,289237
"278",13,"Metropolitana de Santiago",13121,"Pedro Aguirre Cerda",122133,121280,120204,118995,117764,116547,115384,114224,113065,111954,110864,109634,108481,107435,106560,106257,106605,107205,107803,107409,106496,105483,104462,103434,102412,101393,100379,99358,98337
"279",13,"Metropolitana de Santiago",13122,"Peñalolén",223363,226304,228774,230918,232935,234907,236896,238809,240638,242476,244273,245694,247192,248824,250696,253606,257714,262268,266798,269296,270707,271854,272913,273909,274846,275715,276523,277251,277899
"280",13,"Metropolitana de Santiago",13123,"Providencia",121873,122849,124069,125317,126680,128141,129736,131330,132932,134719,136592,138059,139693,141537,143849,147826,151042,154446,157749,160043,161568,162837,164009,165134,166220,167273,168282,169245,170166
"281",13,"Metropolitana de Santiago",13124,"Pudahuel",201805,204526,207378,210142,212866,215607,218380,221107,223757,226371,228894,231137,233382,235673,238048,240958,244526,248347,253139,256607,258535,260129,261596,262943,264180,265293,266287,267150,267886
"282",13,"Metropolitana de Santiago",13125,"Quilicura",131411,137208,143200,149162,155179,161246,167378,173447,179438,185515,191560,197087,202688,208394,214449,222048,232342,243112,254694,261993,266818,271385,275744,279737,283583,287279,290817,294197,297418
"283",13,"Metropolitana de Santiago",13126,"Quinta Normal",114714,113077,111963,111144,110638,110412,110458,110651,110978,111556,112288,112794,113505,114445,115802,118503,123648,130284,136368,138904,140055,140964,141823,142670,143506,144338,145140,145931,146697
"284",13,"Metropolitana de Santiago",13127,"Recoleta",161310,158740,156936,155536,154615,154098,154002,154093,154362,155082,156081,156593,157472,158752,160861,165663,173464,182088,190075,193605,195185,196073,196856,197824,198780,199734,200669,201587,202483
"285",13,"Metropolitana de Santiago",13128,"Renca",137983,139820,141342,142647,143844,144999,146143,147219,148235,149217,150151,150871,151607,152393,153273,154637,156567,158717,160847,161959,162517,162854,163102,163267,163389,163469,163534,163583,163618
"286",13,"Metropolitana de Santiago",13129,"San Joaquín",104648,104311,103825,103251,102684,102158,101698,101252,100815,100449,100114,99635,99249,98957,98856,99371,100566,102027,103485,103871,103704,103420,103118,102811,102504,102200,101884,101562,101229
"287",13,"Metropolitana de Santiago",13130,"San Miguel",80657,82761,84767,86709,88678,90684,92781,94885,97013,99253,101555,103688,105947,108370,111068,114641,120174,126088,133059,136835,139729,142549,145424,148387,151449,154621,157903,161307,164830
"288",13,"Metropolitana de Santiago",13131,"San Ramón",100574,99820,98883,97847,96791,95761,94769,93793,92817,91861,90929,89927,88966,88091,87285,86770,86575,86521,86510,86017,85274,84495,83695,82919,82142,81366,80597,79823,79050
"289",13,"Metropolitana de Santiago",13132,"Vitacura",83386,84011,84479,84809,85114,85406,85700,85952,86148,86423,86689,86687,86746,86910,87321,88716,91198,94020,96774,97695,97651,97388,97049,96671,96261,95826,95353,94852,94314
"290",13,"Metropolitana de Santiago",13201,"Puente Alto",509453,516414,523641,530614,537475,544315,551202,557972,564547,570891,576972,582478,587905,593362,598765,604744,615557,629743,645909,655033,660361,664370,667904,671142,674064,676662,678917,680830,682391
"291",13,"Metropolitana de Santiago",13202,"Pirque",17134,17900,18642,19368,20099,20822,21550,22288,23010,23741,24462,25157,25855,26560,27269,28010,28799,29616,30433,31134,31787,32412,33021,33617,34192,34753,35291,35816,36316
"292",13,"Metropolitana de Santiago",13203,"San José de Maipo",13364,13703,14020,14325,14614,14898,15181,15461,15731,16003,16264,16504,16745,16991,17241,17540,17897,18275,18644,18917,19131,19330,19519,19700,19879,20044,20209,20362,20509
"293",13,"Metropolitana de Santiago",13301,"Colina",79573,83982,88590,93236,97979,102802,107725,112638,117543,122532,127526,132203,136929,141756,146768,152740,163779,173119,180353,185599,189757,193594,197370,201012,204528,207910,211163,214268,217241
"294",13,"Metropolitana de Santiago",13302,"Lampa",41957,45512,49286,53195,57272,61495,65874,70341,74883,79510,84168,88732,93317,97952,102638,107662,115058,121528,126898,131436,135461,139266,143032,146646,150106,153419,156577,159577,162410
"295",13,"Metropolitana de Santiago",13303,"Tiltil",15148,15586,15984,16359,16721,17079,17430,17771,18108,18434,18757,19052,19334,19636,19928,20268,20661,21066,21477,21783,22033,22262,22482,22695,22897,23094,23277,23448,23611
"296",13,"Metropolitana de Santiago",13401,"San Bernardo",255558,260942,265772,270230,274511,278724,282941,287080,291111,295082,298973,302510,306087,309765,313573,318078,323415,329121,334836,339043,342411,345583,348640,351625,354517,357321,360021,362614,365089
"297",13,"Metropolitana de Santiago",13402,"Buin",65549,68196,70739,73212,75647,78091,80545,82988,85404,87806,90184,92461,94730,97024,99327,101743,104338,106986,109641,111934,114028,116032,117982,119885,121737,123527,125245,126909,128487
"298",13,"Metropolitana de Santiago",13403,"Calera de Tango",18809,19422,19999,20552,21088,21625,22160,22693,23208,23727,24238,24720,25199,25682,26173,26704,27309,27913,28525,29019,29470,29880,30283,30678,31060,31428,31783,32123,32440
"299",13,"Metropolitana de Santiago",13404,"Paine",51439,53346,55154,56891,58603,60318,62029,63728,65398,67049,68682,70227,71759,73319,74900,76659,78650,80711,82766,84379,85759,87059,88317,89543,90729,91856,92952,94002,94996
"300",13,"Metropolitana de Santiago",13501,"Melipilla",97335,100292,103023,105613,108129,110603,113062,115478,117836,120152,122406,124500,126601,128701,130840,133232,135945,138793,141612,143779,145583,147275,148899,150466,151963,153408,154771,156068,157297
"301",13,"Metropolitana de Santiago",13502,"Alhué",4567,4745,4908,5078,5234,5396,5545,5701,5856,5995,6149,6278,6415,6553,6688,6835,7022,7214,7405,7536,7649,7756,7856,7954,8044,8125,8209,8281,8364
"302",13,"Metropolitana de Santiago",13503,"Curacaví",24989,25756,26458,27135,27783,28418,29058,29697,30302,30911,31501,32061,32610,33162,33721,34337,35016,35720,36430,36991,37479,37932,38367,38803,39222,39612,39990,40356,40695
"303",13,"Metropolitana de Santiago",13504,"María Pinto",10651,10958,11243,11498,11770,12011,12263,12503,12747,12980,13199,13416,13628,13842,14047,14254,14474,14708,14926,15132,15323,15503,15669,15838,16006,16166,16318,16462,16589
"304",13,"Metropolitana de Santiago",13505,"San Pedro",8378,8612,8838,9033,9241,9426,9626,9811,10003,10188,10370,10527,10694,10864,11039,11229,11468,11706,11953,12132,12274,12412,12544,12669,12790,12896,13021,13117,13217
"305",13,"Metropolitana de Santiago",13601,"Talagante",61613,62999,64254,65413,66532,67628,68729,69819,70875,71921,72933,73888,74832,75807,76796,77899,79158,80489,81838,82900,83814,84670,85514,86348,87151,87941,88686,89422,90126
"306",13,"Metropolitana de Santiago",13602,"El Monte",27568,28405,29188,29930,30639,31353,32060,32765,33456,34123,34777,35401,36015,36637,37250,37901,38593,39296,40014,40620,41179,41711,42233,42723,43213,43683,44135,44555,44966
"307",13,"Metropolitana de Santiago",13603,"Isla de Maipo",26697,27611,28475,29298,30100,30889,31676,32438,33193,33929,34630,35300,35965,36632,37282,37965,38690,39433,40171,40803,41354,41876,42393,42887,43348,43800,44218,44620,45005
"308",13,"Metropolitana de Santiago",13604,"Padre Hurtado",40099,41887,43623,45344,47068,48820,50599,52408,54225,56047,57884,59670,61498,63346,65245,67299,69538,71852,74188,76219,78091,79925,81743,83549,85327,87084,88806,90494,92155
"309",13,"Metropolitana de Santiago",13605,"Peñaflor",68961,71083,73058,74932,76757,78572,80374,82164,83913,85639,87325,88916,90511,92117,93723,95420,97255,99142,101058,102667,104106,105498,106840,108142,109415,110637,111807,112940,114009
"310",14,"Los Ríos",14101,"Valdivia",146851,148408,149888,151415,152961,154554,156221,157944,159760,161595,163398,165071,166751,168369,170061,171725,173420,175117,176774,178226,179563,180848,182086,183287,184440,185550,186616,187637,188609
"311",14,"Los Ríos",14102,"Corral",5522,5501,5479,5462,5447,5436,5429,5425,5427,5429,5432,5431,5432,5431,5434,5436,5439,5444,5447,5445,5439,5432,5424,5416,5406,5395,5384,5372,5358
"312",14,"Los Ríos",14103,"Lanco",15326,15485,15623,15752,15876,15997,16123,16251,16387,16522,16657,16776,16898,17015,17140,17264,17393,17524,17652,17762,17861,17957,18050,18140,18228,18313,18395,18474,18550
"313",14,"Los Ríos",14104,"Los Lagos",20810,20710,20610,20530,20462,20410,20377,20359,20359,20368,20379,20381,20387,20392,20410,20430,20457,20488,20518,20527,20527,20523,20520,20513,20504,20493,20481,20467,20448
"314",14,"Los Ríos",14105,"Máfil",7409,7385,7361,7342,7327,7317,7313,7313,7318,7327,7334,7338,7343,7347,7354,7362,7370,7380,7389,7390,7386,7381,7375,7366,7357,7347,7334,7321,7306
"315",14,"Los Ríos",14106,"Mariquina",18632,18910,19172,19435,19695,19955,20221,20490,20768,21043,21312,21562,21809,22047,22293,22532,22775,23016,23250,23458,23648,23830,24006,24175,24338,24495,24645,24789,24927
"316",14,"Los Ríos",14107,"Paillaco",19924,19914,19902,19905,19917,19942,19982,20034,20102,20175,20250,20311,20376,20434,20506,20575,20649,20725,20798,20848,20884,20915,20942,20965,20982,20994,21002,21004,21001
"317",14,"Los Ríos",14108,"Panguipulli",34543,34524,34502,34504,34522,34561,34628,34715,34829,34953,35077,35178,35287,35385,35503,35619,35744,35870,35991,36072,36130,36178,36220,36254,36279,36296,36305,36304,36295
"318",14,"Los Ríos",14201,"La Unión",40282,40018,39767,39560,39387,39252,39160,39106,39093,39101,39122,39126,39147,39170,39222,39281,39358,39446,39538,39593,39632,39668,39705,39740,39775,39807,39838,39866,39891
"319",14,"Los Ríos",14202,"Futrono",15576,15507,15439,15381,15332,15294,15268,15253,15249,15250,15253,15246,15242,15236,15238,15240,15246,15255,15261,15251,15233,15211,15188,15162,15135,15104,15070,15035,14997
"320",14,"Los Ríos",14203,"Lago Ranco",10401,10360,10319,10285,10258,10236,10224,10220,10222,10229,10237,10237,10241,10243,10251,10259,10270,10281,10292,10293,10288,10280,10272,10262,10249,10236,10221,10205,10186
"321",14,"Los Ríos",14204,"Río Bueno",34131,33855,33595,33375,33188,33034,32920,32839,32796,32773,32760,32736,32728,32722,32743,32770,32814,32867,32925,32953,32968,32982,32998,33013,33027,33042,33054,33067,33076
"322",15,"Arica y Parinacota",15101,"Arica",191170,193123,195290,197507,199861,202265,205044,207941,210943,214396,217880,220684,223595,226597,229507,232628,237412,242510,247552,250795,253125,255195,257163,259064,260902,262679,264394,266055,267651
"323",15,"Arica y Parinacota",15102,"Camarones",1173,1169,1167,1166,1165,1163,1164,1168,1172,1179,1187,1191,1196,1203,1210,1218,1223,1228,1233,1239,1242,1244,1246,1248,1251,1251,1252,1254,1254
"324",15,"Arica y Parinacota",15201,"Putre",2148,2179,2202,2204,2212,2222,2237,2255,2274,2299,2324,2343,2363,2386,2408,2441,2467,2493,2515,2536,2548,2559,2569,2578,2586,2594,2601,2607,2613
"325",15,"Arica y Parinacota",15202,"General Lagos",935,911,889,872,857,844,834,825,819,815,811,807,802,800,797,795,799,805,810,810,807,804,801,797,794,791,788,785,782
"326",16,"Ñuble",16101,"Chillán",169176,170912,172486,173980,175446,176967,178524,180151,181766,183441,185052,186537,188112,189759,191442,193226,195042,196853,198624,200148,201523,202826,204091,205318,206500,207634,208723,209754,210739
"327",16,"Ñuble",16102,"Bulnes",21411,21396,21407,21437,21479,21537,21606,21685,21765,21853,21932,21996,22070,22151,22236,22329,22426,22520,22607,22665,22703,22732,22754,22770,22780,22781,22776,22765,22744
"328",16,"Ñuble",16103,"Chillán Viejo",22848,23474,24116,24764,25414,26068,26722,27377,28018,28657,29273,29854,30437,31017,31590,32166,32735,33291,33827,34311,34755,35176,35580,35965,36333,36682,37014,37328,37625
"329",16,"Ñuble",16104,"El Carmen",13271,13138,13026,12929,12845,12774,12713,12663,12615,12575,12535,12488,12450,12419,12393,12374,12360,12348,12334,12307,12272,12234,12197,12158,12119,12079,12037,11995,11951
"330",16,"Ñuble",16105,"Pemuco",9127,9043,8974,8915,8866,8825,8791,8765,8741,8723,8703,8680,8663,8650,8642,8638,8639,8640,8639,8631,8616,8600,8583,8566,8549,8530,8511,8491,8470
"331",16,"Ñuble",16106,"Pinto",10312,10369,10436,10509,10586,10669,10756,10848,10938,11033,11123,11205,11293,11385,11478,11579,11680,11781,11880,11965,12039,12110,12179,12247,12311,12372,12431,12488,12541
"332",16,"Ñuble",16107,"Quillón",15734,15875,16029,16189,16354,16524,16699,16880,17056,17237,17408,17567,17730,17899,18069,18247,18426,18604,18777,18924,19058,19182,19304,19421,19532,19639,19740,19837,19929
"333",16,"Ñuble",16108,"San Ignacio",16716,16631,16570,16524,16490,16471,16461,16462,16465,16475,16481,16477,16483,16496,16513,16539,16568,16598,16624,16630,16624,16614,16600,16584,16565,16543,16518,16491,16459
"334",16,"Ñuble",16109,"Yungay",17348,17343,17359,17391,17434,17492,17557,17634,17712,17797,17877,17946,18023,18109,18198,18296,18398,18499,18596,18670,18730,18784,18835,18882,18924,18963,18997,19027,19052
"335",16,"Ñuble",16201,"Quirihue",11869,11835,11816,11808,11807,11817,11832,11856,11880,11909,11935,11952,11977,12005,12037,12076,12115,12155,12192,12214,12226,12234,12241,12244,12245,12243,12239,12232,12222
"336",16,"Ñuble",16202,"Cobquecura",5781,5708,5646,5592,5545,5505,5471,5442,5415,5393,5371,5348,5328,5313,5301,5292,5286,5281,5275,5265,5252,5238,5224,5211,5198,5183,5170,5156,5142
"337",16,"Ñuble",16203,"Coelemu",16684,16609,16557,16521,16498,16490,16492,16505,16522,16546,16566,16577,16598,16627,16661,16704,16751,16800,16845,16871,16884,16894,16901,16906,16909,16909,16905,16900,16891
"338",16,"Ñuble",16204,"Ninhue",5948,5874,5811,5756,5708,5667,5632,5601,5573,5549,5525,5500,5479,5462,5447,5437,5429,5421,5414,5402,5385,5370,5353,5337,5321,5304,5288,5271,5253
"339",16,"Ñuble",16205,"Portezuelo",5554,5473,5403,5342,5288,5240,5199,5163,5131,5103,5075,5046,5021,5002,4983,4970,4959,4950,4940,4925,4908,4891,4876,4859,4842,4826,4811,4794,4778
"340",16,"Ñuble",16206,"Ránquil",5895,5895,5902,5914,5929,5948,5970,5995,6020,6047,6071,6089,6112,6135,6159,6185,6212,6238,6261,6275,6284,6290,6293,6294,6293,6289,6284,6275,6263
"341",16,"Ñuble",16207,"Treguaco",5327,5324,5328,5338,5350,5367,5387,5410,5433,5458,5482,5502,5525,5550,5577,5606,5636,5667,5696,5718,5736,5752,5766,5779,5792,5803,5813,5822,5828
"342",16,"Ñuble",16301,"San Carlos",52108,52109,52177,52291,52441,52633,52854,53106,53362,53640,53902,54130,54388,54667,54959,55278,55608,55935,56252,56499,56702,56886,57061,57222,57372,57508,57630,57739,57832
"343",16,"Ñuble",16302,"Coihueco",24538,24854,25098,25307,25495,25682,25871,26067,26264,26469,26665,26842,27038,27243,27454,27680,27914,28147,28375,28569,28742,28908,29067,29222,29373,29517,29654,29787,29911
"344",16,"Ñuble",16303,"Ñiquén",11876,11795,11732,11681,11640,11609,11586,11573,11560,11554,11545,11530,11523,11521,11524,11532,11544,11556,11567,11565,11554,11541,11526,11512,11495,11477,11456,11435,11412
"345",16,"Ñuble",16304,"San Fabián",3700,3761,3825,3882,3941,4000,4056,4115,4170,4225,4276,4323,4369,4417,4466,4513,4561,4607,4654,4693,4728,4761,4793,4823,4851,4878,4904,4929,4952
"346",16,"Ñuble",16305,"San Nicolás",10017,10170,10322,10462,10598,10729,10858,10984,11103,11221,11332,11430,11534,11637,11741,11850,11959,12068,12172,12261,12339,12414,12487,12556,12621,12687,12747,12805,12860
